{"_step":233,"learning_rate":3.4442363521798304e-07,"train_loss":0.2507169842720032,"_timestamp":1.753317951979472e+09,"_wandb":{"runtime":357},"_runtime":357.088783002}